{
    "avg_prec": 0.928462131723287,
    "roc_auc": 0.9507675170424963
}