{
    "avg_prec": 0.957035519466975,
    "roc_auc": 0.9774311166774401
}