{
    "avg_prec": 0.9743681430252835,
    "roc_auc": 0.9866678562450621
}